{"stats":{"minecraft:dropped":{"minecraft:wheat_seeds":3,"minecraft:crafting_table":2,"minecraft:cobblestone":1,"minecraft:leather":4,"minecraft:spruce_stairs":2,"minecraft:rail":7,"minecraft:dirt":10,"minecraft:crimson_roots":5,"minecraft:sand":5,"minecraft:birch_log":4,"minecraft:white_wool":1,"minecraft:gold_ingot":4,"minecraft:dandelion":1,"minecraft:bone":4,"minecraft:oak_door":1,"minecraft:gravel":3,"minecraft:kelp":2,"minecraft:cobbled_deepslate":1,"minecraft:nether_brick":4,"minecraft:rotten_flesh":4,"minecraft:clay_ball":22,"minecraft:filled_map":1,"minecraft:potato":7,"minecraft:andesite":3,"minecraft:azalea":3,"minecraft:oak_boat":1,"minecraft:oak_sapling":2,"minecraft:arrow":3,"minecraft:bow":1,"minecraft:calcite":2},"minecraft:picked_up":{"minecraft:wooden_axe":1,"minecraft:iron_chestplate":1,"minecraft:crafting_table":10,"minecraft:wheat":35,"minecraft:clay_ball":30,"minecraft:chest_minecart":1,"minecraft:gold_block":16,"minecraft:nether_brick":12,"minecraft:brewing_stand":1,"minecraft:shield":1,"minecraft:amethyst_block":3,"minecraft:string":8,"minecraft:iron_axe":3,"minecraft:wooden_sword":1,"minecraft:iron_leggings":1,"minecraft:iron_shovel":1,"minecraft:detector_rail":2,"minecraft:cobbled_deepslate":45,"minecraft:bucket":1,"minecraft:spruce_planks":3,"minecraft:oak_boat":25,"minecraft:calcite":2,"minecraft:azalea":5,"minecraft:iron_pickaxe":3,"minecraft:sugar_cane":14,"minecraft:chest":5,"minecraft:egg":2,"minecraft:furnace":3,"minecraft:iron_boots":4,"minecraft:dark_oak_sapling":1,"minecraft:stick":27,"minecraft:raw_iron":133,"minecraft:oak_door":1,"minecraft:oak_fence":2,"minecraft:spruce_stairs":2,"minecraft:porkchop":12,"minecraft:carrot":8,"minecraft:arrow":7,"minecraft:rotten_flesh":8,"minecraft:beetroot_seeds":3,"minecraft:gold_ingot":144,"minecraft:mutton":8,"minecraft:obsidian":4,"minecraft:rail":14,"minecraft:white_wool":5,"minecraft:cobblestone":66,"minecraft:birch_log":4,"minecraft:enchanting_table":2,"minecraft:leather_chestplate":1,"minecraft:cooked_beef":22,"minecraft:andesite":12,"minecraft:leather":4,"minecraft:potato":7,"minecraft:flint":1,"minecraft:tuff":2,"minecraft:oak_log":102,"minecraft:gunpowder":2,"minecraft:dirt":37,"minecraft:lapis_lazuli":139,"minecraft:bone":7,"minecraft:apple":1,"minecraft:kelp":2,"minecraft:bow":1,"minecraft:wheat_seeds":6,"minecraft:iron_ingot":146,"minecraft:moss_block":3,"minecraft:iron_sword":1,"minecraft:oak_planks":225,"minecraft:book":4,"minecraft:oak_slab":2,"minecraft:dandelion":1,"minecraft:gravel":19,"minecraft:sand":9,"minecraft:spruce_log":2,"minecraft:spectral_arrow":22,"minecraft:spider_eye":1,"minecraft:leather_helmet":1,"minecraft:diamond":24,"minecraft:iron_helmet":1,"minecraft:granite":3,"minecraft:emerald":7,"minecraft:bread":64,"minecraft:baked_potato":9,"minecraft:oak_sapling":3,"minecraft:melon_seeds":4,"minecraft:coal":30,"minecraft:crimson_roots":5,"minecraft:ender_pearl":3},"minecraft:custom":{"minecraft:interact_with_smithing_table":1,"minecraft:mob_kills":23,"minecraft:interact_with_crafting_table":42,"minecraft:leave_game":2,"minecraft:time_since_death":82577,"minecraft:climb_one_cm":1723,"minecraft:sprint_one_cm":738842,"minecraft:walk_one_cm":302450,"minecraft:damage_blocked_by_shield":1010,"minecraft:drop":48,"minecraft:play_time":216239,"minecraft:deaths":2,"minecraft:sneak_time":12982,"minecraft:walk_under_water_one_cm":43454,"minecraft:boat_one_cm":1053833,"minecraft:jump":3668,"minecraft:walk_on_water_one_cm":60620,"minecraft:total_world_time":216239,"minecraft:interact_with_furnace":44,"minecraft:interact_with_stonecutter":1,"minecraft:time_since_rest":82604,"minecraft:damage_taken":3678,"minecraft:damage_absorbed":40,"minecraft:damage_dealt":6756,"minecraft:fly_one_cm":650907,"minecraft:swim_one_cm":29090,"minecraft:player_kills":1,"minecraft:open_chest":60,"minecraft:crouch_one_cm":35825,"minecraft:fall_one_cm":112865},"minecraft:broken":{"minecraft:stone_pickaxe":2},"minecraft:used":{"minecraft:moss_block":1,"minecraft:enchanting_table":1,"minecraft:iron_shovel":28,"minecraft:flint_and_steel":1,"minecraft:tropical_fish":1,"minecraft:chest":12,"minecraft:spruce_planks":11,"minecraft:shield":68,"minecraft:iron_sword":127,"minecraft:oak_door":3,"minecraft:torch":4,"minecraft:brewing_stand":1,"minecraft:dirt":19,"minecraft:granite":2,"minecraft:wooden_axe":44,"minecraft:lava_bucket":61,"minecraft:iron_axe":200,"minecraft:bow":4,"minecraft:furnace":5,"minecraft:cooked_beef":4,"minecraft:cobbled_deepslate":37,"minecraft:cooked_mutton":4,"minecraft:water_bucket":14,"minecraft:oak_planks":186,"minecraft:stone_pickaxe":262,"minecraft:baked_potato":9,"minecraft:wooden_pickaxe":23,"minecraft:white_wool":2,"minecraft:golden_apple":1,"minecraft:glow_berries":5,"minecraft:sand":4,"minecraft:oak_slab":2,"minecraft:crafting_table":12,"minecraft:oak_log":20,"minecraft:diamond_pickaxe":5,"minecraft:apple":1,"minecraft:bread":49,"minecraft:iron_pickaxe":59,"minecraft:gravel":9,"minecraft:wooden_sword":48,"minecraft:cobblestone":39,"minecraft:cooked_porkchop":3,"minecraft:bucket":75,"minecraft:andesite":3,"minecraft:oak_boat":24,"minecraft:chest_minecart":1},"minecraft:killed":{"minecraft:cave_spider":4,"minecraft:skeleton":6,"minecraft:pig":1,"minecraft:iron_golem":1,"minecraft:hoglin":2,"minecraft:sheep":2,"minecraft:zombie":7},"minecraft:mined":{"minecraft:tuff":2,"minecraft:spruce_planks":3,"minecraft:deepslate_diamond_ore":3,"minecraft:oak_door":1,"minecraft:brewing_stand":1,"minecraft:obsidian":4,"minecraft:granite":3,"minecraft:grass_block":13,"minecraft:crimson_roots":1,"minecraft:kelp":1,"minecraft:moss_block":2,"minecraft:spawner":1,"minecraft:furnace":3,"minecraft:iron_ore":64,"minecraft:cobbled_deepslate":3,"minecraft:andesite":9,"minecraft:deepslate_lapis_ore":15,"minecraft:enchanting_table":1,"minecraft:gold_block":16,"minecraft:dirt_path":1,"minecraft:cave_vines":1,"minecraft:deepslate_iron_ore":69,"minecraft:azalea":2,"minecraft:stone":56,"minecraft:spruce_slab":1,"minecraft:oak_slab":2,"minecraft:kelp_plant":1,"minecraft:crimson_nylium":2,"minecraft:oak_fence":2,"minecraft:clay":3,"minecraft:crafting_table":6,"minecraft:calcite":2,"minecraft:chest":5,"minecraft:cobblestone":7,"minecraft:tall_grass":3,"minecraft:lapis_ore":2,"minecraft:oak_planks":112,"minecraft:amethyst_block":3,"minecraft:seagrass":1,"minecraft:spruce_stairs":2,"minecraft:birch_log":4,"minecraft:spruce_log":2,"minecraft:birch_leaves":3,"minecraft:grass":14,"minecraft:coal_ore":31,"minecraft:oak_log":103,"minecraft:gravel":16,"minecraft:sand":23,"minecraft:dirt":8,"minecraft:cobweb":1,"minecraft:oak_leaves":7,"minecraft:deepslate":35},"minecraft:crafted":{"minecraft:wooden_sword":1,"minecraft:oak_door":3,"minecraft:oak_planks":204,"minecraft:furnace":2,"minecraft:bone_meal":3,"minecraft:cooked_mutton":4,"minecraft:flint_and_steel":1,"minecraft:bow":1,"minecraft:iron_boots":1,"minecraft:iron_axe":1,"minecraft:stone_pickaxe":2,"minecraft:chest":7,"minecraft:golden_boots":1,"minecraft:cooked_porkchop":3,"minecraft:crafting_table":6,"minecraft:spruce_planks":8,"minecraft:enchanting_table":1,"minecraft:wooden_pickaxe":2,"minecraft:baked_potato":9,"minecraft:iron_helmet":1,"minecraft:iron_sword":1,"minecraft:bucket":2,"minecraft:air":0,"minecraft:oak_boat":3,"minecraft:iron_chestplate":1,"minecraft:diamond_pickaxe":1,"minecraft:charcoal":31,"minecraft:shield":1,"minecraft:stick":36,"minecraft:iron_ingot":93,"minecraft:iron_pickaxe":1,"minecraft:wooden_axe":1,"minecraft:iron_leggings":1,"minecraft:gold_ingot":144}},"DataVersion":3465}