{"stats":{"minecraft:dropped":{"minecraft:jungle_log":8},"minecraft:custom":{"minecraft:jump":10,"minecraft:time_since_rest":3052,"minecraft:leave_game":1,"minecraft:sprint_one_cm":815,"minecraft:play_time":3052,"minecraft:time_since_death":3052,"minecraft:walk_one_cm":679,"minecraft:sneak_time":29,"minecraft:total_world_time":3052,"minecraft:drop":8,"minecraft:fly_one_cm":185735},"minecraft:picked_up":{"minecraft:jungle_log":5},"minecraft:used":{"minecraft:stone":3,"minecraft:grass_block":3}},"DataVersion":3465}