{"stats":{"minecraft:killed":{"minecraft:witch":2,"minecraft:spider":2,"minecraft:skeleton":29,"minecraft:piglin":1,"minecraft:pig":7,"minecraft:iron_golem":10,"minecraft:hoglin":1,"minecraft:creeper":2,"minecraft:sheep":1,"minecraft:zombie":40,"minecraft:villager":2,"minecraft:cow":7},"minecraft:dropped":{"minecraft:stripped_spruce_log":1,"minecraft:iron_ingot":65,"minecraft:bread":64,"minecraft:iron_sword":2,"minecraft:cooked_beef":13,"minecraft:wheat_seeds":12,"minecraft:lapis_lazuli":5,"minecraft:baked_potato":9,"minecraft:ender_pearl":1,"minecraft:diamond":13,"minecraft:poisonous_potato":1,"minecraft:iron_helmet":1,"minecraft:stick":2,"minecraft:oxeye_daisy":1,"minecraft:dirt":1,"minecraft:diorite":1,"minecraft:ink_sac":3,"minecraft:cornflower":1,"minecraft:mutton":1,"minecraft:iron_leggings":1,"minecraft:sand":4,"minecraft:iron_axe":3,"minecraft:sugar":2,"minecraft:iron_pickaxe":3,"minecraft:iron_shovel":1,"minecraft:dandelion":9,"minecraft:oak_door":1,"minecraft:stone_axe":1,"minecraft:tuff":1,"minecraft:bowl":2,"minecraft:stone_shovel":2,"minecraft:raw_iron":3,"minecraft:beetroot":1,"minecraft:rotten_flesh":42,"minecraft:clay_ball":4,"minecraft:oak_planks":64,"minecraft:iron_boots":1,"minecraft:azure_bluet":2,"minecraft:poppy":2,"minecraft:leather_chestplate":1,"minecraft:potato":7,"minecraft:shield":1,"minecraft:gunpowder":2,"minecraft:iron_chestplate":1,"minecraft:beetroot_seeds":4,"minecraft:beef":5,"minecraft:wooden_pickaxe":2,"minecraft:stone_pickaxe":1},"minecraft:custom":{"minecraft:mob_kills":104,"minecraft:animals_bred":32,"minecraft:interact_with_crafting_table":52,"minecraft:bell_ring":33,"minecraft:leave_game":6,"minecraft:time_since_death":230277,"minecraft:climb_one_cm":5650,"minecraft:sprint_one_cm":1039512,"minecraft:walk_one_cm":462803,"minecraft:damage_blocked_by_shield":975,"minecraft:drop":110,"minecraft:talked_to_villager":18,"minecraft:play_time":245663,"minecraft:deaths":2,"minecraft:sneak_time":14867,"minecraft:walk_under_water_one_cm":19481,"minecraft:boat_one_cm":100600,"minecraft:jump":6435,"minecraft:walk_on_water_one_cm":48746,"minecraft:total_world_time":245663,"minecraft:interact_with_furnace":97,"minecraft:traded_with_villager":80,"minecraft:sleep_in_bed":1,"minecraft:time_since_rest":117529,"minecraft:damage_taken":4765,"minecraft:damage_absorbed":10,"minecraft:damage_dealt":28138,"minecraft:swim_one_cm":95830,"minecraft:fly_one_cm":1256672,"minecraft:open_chest":104,"minecraft:crouch_one_cm":48478,"minecraft:fall_one_cm":191406},"minecraft:picked_up":{"minecraft:crafting_table":9,"minecraft:wheat":37,"minecraft:azure_bluet":6,"minecraft:clay_ball":4,"minecraft:flower_pot":1,"minecraft:suspicious_stew":1,"minecraft:smithing_table":1,"minecraft:wooden_pickaxe":2,"minecraft:oak_stairs":51,"minecraft:brewing_stand":1,"minecraft:cornflower":2,"minecraft:oak_sign":3,"minecraft:beetroot":1,"minecraft:cobbled_deepslate":88,"minecraft:beef":9,"minecraft:oak_boat":4,"minecraft:cobblestone_slab":10,"minecraft:poppy":8,"minecraft:sugar_cane":50,"minecraft:chest":1,"minecraft:furnace":5,"minecraft:stick":25,"minecraft:raw_iron":218,"minecraft:oak_door":8,"minecraft:composter":2,"minecraft:oak_fence":3,"minecraft:torch":10,"minecraft:bowl":1,"minecraft:porkchop":21,"minecraft:diorite":6,"minecraft:carrot":233,"minecraft:arrow":27,"minecraft:rotten_flesh":44,"minecraft:stone_shovel":2,"minecraft:beetroot_seeds":4,"minecraft:hay_block":64,"minecraft:glow_berries":2,"minecraft:mutton":1,"minecraft:bone_block":65,"minecraft:cobblestone":248,"minecraft:oxeye_daisy":2,"minecraft:stripped_oak_log":16,"minecraft:leather_chestplate":3,"minecraft:basalt":1,"minecraft:leather":8,"minecraft:flint":10,"minecraft:potato":226,"minecraft:tuff":9,"minecraft:oak_log":75,"minecraft:yellow_bed":1,"minecraft:gunpowder":2,"minecraft:cobblestone_stairs":3,"minecraft:dirt":1263,"minecraft:lapis_lazuli":72,"minecraft:bone":27,"minecraft:apple":1,"minecraft:bow":2,"minecraft:stonecutter":1,"minecraft:wheat_seeds":142,"minecraft:raw_gold":9,"minecraft:bell":2,"minecraft:iron_ingot":35,"minecraft:stone_pickaxe":1,"minecraft:stripped_oak_wood":1,"minecraft:fletching_table":10,"minecraft:soul_sand":8,"minecraft:moss_block":1,"minecraft:oak_planks":34,"minecraft:dandelion":27,"minecraft:poisonous_potato":1,"minecraft:dripstone_block":1,"minecraft:gravel":49,"minecraft:sand":40,"minecraft:stripped_spruce_log":1,"minecraft:spruce_sapling":49,"minecraft:ink_sac":3,"minecraft:white_bed":7,"minecraft:spruce_log":413,"minecraft:mossy_cobblestone":6,"minecraft:sugar":2,"minecraft:diamond":52,"minecraft:stone_axe":1,"minecraft:grass":3,"minecraft:bread":57,"minecraft:oak_sapling":4,"minecraft:netherrack":84,"minecraft:coal":37,"minecraft:oak_leaves":672},"minecraft:mined":{"minecraft:tuff":8,"minecraft:white_bed":7,"minecraft:mossy_cobblestone":7,"minecraft:deepslate_diamond_ore":52,"minecraft:oak_door":5,"minecraft:cobblestone_stairs":3,"minecraft:brewing_stand":1,"minecraft:grass_block":618,"minecraft:spruce_leaves":18,"minecraft:composter":2,"minecraft:moss_block":1,"minecraft:oak_wall_sign":3,"minecraft:oxeye_daisy":2,"minecraft:hay_block":64,"minecraft:oak_trapdoor":1,"minecraft:spruce_sapling":5,"minecraft:carrots":74,"minecraft:furnace":5,"minecraft:fire":2,"minecraft:iron_ore":92,"minecraft:cobbled_deepslate":2,"minecraft:stripped_spruce_log":1,"minecraft:deepslate_lapis_ore":4,"minecraft:fletching_table":10,"minecraft:azure_bluet":4,"minecraft:bell":1,"minecraft:dirt_path":96,"minecraft:potatoes":68,"minecraft:potted_dandelion":1,"minecraft:cobblestone_slab":12,"minecraft:deepslate_iron_ore":84,"minecraft:oak_stairs":52,"minecraft:stripped_oak_log":16,"minecraft:stone":119,"minecraft:bone_block":67,"minecraft:smithing_table":1,"minecraft:glass_pane":7,"minecraft:soul_sand":8,"minecraft:basalt":1,"minecraft:soul_fire":4,"minecraft:crimson_nylium":1,"minecraft:dandelion":19,"minecraft:oak_fence":3,"minecraft:clay":1,"minecraft:crafting_table":9,"minecraft:cornflower":2,"minecraft:poppy":2,"minecraft:chest":1,"minecraft:cobblestone":98,"minecraft:tall_grass":29,"minecraft:deepslate_gold_ore":10,"minecraft:lapis_ore":8,"minecraft:oak_planks":38,"minecraft:sugar_cane":29,"minecraft:diorite":6,"minecraft:wall_torch":1,"minecraft:wheat":50,"minecraft:spruce_log":414,"minecraft:stripped_oak_wood":1,"minecraft:yellow_bed":1,"minecraft:grass":249,"minecraft:coal_ore":28,"minecraft:oak_log":70,"minecraft:beetroots":1,"minecraft:sand":41,"minecraft:gravel":61,"minecraft:dripstone_block":1,"minecraft:dirt":597,"minecraft:stonecutter":1,"minecraft:netherrack":83,"minecraft:oak_leaves":748,"minecraft:deepslate":111},"minecraft:broken":{"minecraft:shears":3,"minecraft:iron_hoe":2},"minecraft:killed_by":{"minecraft:player":1,"minecraft:skeleton":1},"minecraft:crafted":{"minecraft:oak_door":3,"minecraft:oak_planks":240,"minecraft:stone_shovel":1,"minecraft:cobblestone_slab":162,"minecraft:oak_sign":3,"minecraft:furnace":4,"minecraft:bone_meal":393,"minecraft:diamond_shovel":1,"minecraft:oak_trapdoor":10,"minecraft:iron_bars":16,"minecraft:hopper":1,"minecraft:iron_boots":1,"minecraft:iron_axe":1,"minecraft:ladder":3,"minecraft:iron_hoe":3,"minecraft:stone_pickaxe":1,"minecraft:chest":9,"minecraft:wheat":360,"minecraft:cooked_beef":3,"minecraft:emerald":80,"minecraft:diamond_sword":1,"minecraft:cooked_porkchop":2,"minecraft:diamond_axe":1,"minecraft:crafting_table":4,"minecraft:spruce_planks":1388,"minecraft:wooden_pickaxe":1,"minecraft:iron_helmet":1,"minecraft:iron_sword":1,"minecraft:fletching_table":5,"minecraft:bucket":1,"minecraft:stone_axe":1,"minecraft:bread":109,"minecraft:air":0,"minecraft:oak_boat":2,"minecraft:iron_chestplate":1,"minecraft:diamond_pickaxe":1,"minecraft:charcoal":15,"minecraft:shield":1,"minecraft:stick":2612,"minecraft:iron_ingot":170,"minecraft:iron_pickaxe":1,"minecraft:iron_leggings":1,"minecraft:shears":7},"minecraft:used":{"minecraft:oak_trapdoor":10,"minecraft:stone_shovel":28,"minecraft:ladder":3,"minecraft:oak_sign":6,"minecraft:chest":9,"minecraft:shield":27,"minecraft:iron_sword":20,"minecraft:bell":2,"minecraft:netherrack":43,"minecraft:oak_door":7,"minecraft:torch":6,"minecraft:dirt":589,"minecraft:hopper":1,"minecraft:carrot":215,"minecraft:tuff":8,"minecraft:axolotl_bucket":9,"minecraft:iron_hoe":606,"minecraft:lava_bucket":2,"minecraft:villager_spawn_egg":2,"minecraft:iron_axe":3,"minecraft:iron_helmet":1,"minecraft:furnace":9,"minecraft:cooked_beef":3,"minecraft:potato":221,"minecraft:cobbled_deepslate":87,"minecraft:wheat_seeds":105,"minecraft:water_bucket":241,"minecraft:diorite":3,"minecraft:fletching_table":14,"minecraft:stone_pickaxe":81,"minecraft:oak_planks":4,"minecraft:wooden_pickaxe":3,"minecraft:sugar_cane":36,"minecraft:leather_chestplate":1,"minecraft:diamond_axe":640,"minecraft:cobblestone_slab":155,"minecraft:oak_leaves":654,"minecraft:golden_apple":1,"minecraft:mossy_cobblestone":3,"minecraft:sand":21,"minecraft:crafting_table":11,"minecraft:dripstone_block":1,"minecraft:white_bed":7,"minecraft:shears":714,"minecraft:spruce_log":2,"minecraft:diamond_pickaxe":682,"minecraft:apple":3,"minecraft:diamond_shovel":1472,"minecraft:bread":113,"minecraft:iron_pickaxe":69,"minecraft:suspicious_stew":1,"minecraft:spruce_sapling":29,"minecraft:gravel":34,"minecraft:stone_axe":71,"minecraft:diamond_sword":331,"minecraft:cobblestone":82,"minecraft:cooked_porkchop":2,"minecraft:bucket":253,"minecraft:yellow_bed":1,"minecraft:oak_boat":4,"minecraft:bone_meal":333}},"DataVersion":3465}