{"stats":{"minecraft:killed_by":{"minecraft:player":1,"minecraft:skeleton":1},"minecraft:custom":{"minecraft:animals_bred":16,"minecraft:mob_kills":91,"minecraft:interact_with_crafting_table":50,"minecraft:bell_ring":33,"minecraft:leave_game":4,"minecraft:time_since_death":194465,"minecraft:climb_one_cm":3806,"minecraft:sprint_one_cm":901814,"minecraft:walk_one_cm":385332,"minecraft:damage_blocked_by_shield":975,"minecraft:drop":105,"minecraft:talked_to_villager":4,"minecraft:play_time":209851,"minecraft:sneak_time":12274,"minecraft:deaths":2,"minecraft:walk_under_water_one_cm":19459,"minecraft:boat_one_cm":100600,"minecraft:jump":5709,"minecraft:walk_on_water_one_cm":47359,"minecraft:total_world_time":209851,"minecraft:interact_with_furnace":90,"minecraft:sleep_in_bed":1,"minecraft:time_since_rest":81717,"minecraft:damage_absorbed":10,"minecraft:damage_taken":4327,"minecraft:damage_dealt":25688,"minecraft:swim_one_cm":94846,"minecraft:fly_one_cm":1141580,"minecraft:open_chest":80,"minecraft:crouch_one_cm":40738,"minecraft:fall_one_cm":170716},"minecraft:picked_up":{"minecraft:crafting_table":9,"minecraft:wheat":15,"minecraft:azure_bluet":3,"minecraft:flower_pot":1,"minecraft:clay_ball":4,"minecraft:suspicious_stew":1,"minecraft:smithing_table":1,"minecraft:wooden_pickaxe":2,"minecraft:oak_stairs":51,"minecraft:brewing_stand":1,"minecraft:cornflower":1,"minecraft:oak_sign":3,"minecraft:beetroot":1,"minecraft:cobbled_deepslate":88,"minecraft:beef":6,"minecraft:oak_boat":4,"minecraft:cobblestone_slab":10,"minecraft:poppy":7,"minecraft:sugar_cane":47,"minecraft:chest":1,"minecraft:furnace":5,"minecraft:stick":2,"minecraft:raw_iron":218,"minecraft:oak_door":8,"minecraft:composter":2,"minecraft:oak_fence":3,"minecraft:torch":10,"minecraft:bowl":1,"minecraft:porkchop":19,"minecraft:diorite":6,"minecraft:carrot":39,"minecraft:arrow":25,"minecraft:stone_shovel":2,"minecraft:rotten_flesh":44,"minecraft:beetroot_seeds":4,"minecraft:hay_block":64,"minecraft:glow_berries":2,"minecraft:mutton":1,"minecraft:cobblestone":248,"minecraft:oxeye_daisy":2,"minecraft:stripped_oak_log":12,"minecraft:leather_chestplate":3,"minecraft:leather":4,"minecraft:potato":131,"minecraft:tuff":9,"minecraft:oak_log":70,"minecraft:yellow_bed":1,"minecraft:gunpowder":2,"minecraft:cobblestone_stairs":3,"minecraft:lapis_lazuli":72,"minecraft:dirt":1175,"minecraft:bone":24,"minecraft:apple":1,"minecraft:bow":1,"minecraft:stonecutter":1,"minecraft:wheat_seeds":83,"minecraft:raw_gold":9,"minecraft:bell":2,"minecraft:iron_ingot":35,"minecraft:stone_pickaxe":1,"minecraft:stripped_oak_wood":1,"minecraft:fletching_table":1,"minecraft:moss_block":1,"minecraft:oak_planks":34,"minecraft:dandelion":22,"minecraft:poisonous_potato":1,"minecraft:dripstone_block":1,"minecraft:gravel":2,"minecraft:sand":40,"minecraft:spruce_sapling":10,"minecraft:ink_sac":3,"minecraft:white_bed":7,"minecraft:spruce_log":28,"minecraft:mossy_cobblestone":6,"minecraft:sugar":2,"minecraft:diamond":52,"minecraft:stone_axe":1,"minecraft:grass":3,"minecraft:bread":57,"minecraft:oak_sapling":3,"minecraft:coal":37,"minecraft:oak_leaves":672},"minecraft:broken":{"minecraft:shears":3,"minecraft:iron_hoe":2},"minecraft:mined":{"minecraft:tuff":8,"minecraft:white_bed":7,"minecraft:mossy_cobblestone":7,"minecraft:deepslate_diamond_ore":52,"minecraft:oak_door":5,"minecraft:cobblestone_stairs":3,"minecraft:brewing_stand":1,"minecraft:grass_block":585,"minecraft:spruce_leaves":16,"minecraft:composter":2,"minecraft:moss_block":1,"minecraft:oxeye_daisy":2,"minecraft:oak_wall_sign":3,"minecraft:hay_block":64,"minecraft:oak_trapdoor":1,"minecraft:carrots":19,"minecraft:furnace":5,"minecraft:iron_ore":92,"minecraft:fire":1,"minecraft:cobbled_deepslate":2,"minecraft:deepslate_lapis_ore":4,"minecraft:fletching_table":1,"minecraft:azure_bluet":1,"minecraft:bell":1,"minecraft:potted_dandelion":1,"minecraft:potatoes":39,"minecraft:dirt_path":74,"minecraft:cobblestone_slab":12,"minecraft:deepslate_iron_ore":84,"minecraft:oak_stairs":52,"minecraft:stripped_oak_log":12,"minecraft:stone":119,"minecraft:smithing_table":1,"minecraft:glass_pane":7,"minecraft:cornflower":1,"minecraft:dandelion":14,"minecraft:clay":1,"minecraft:oak_fence":3,"minecraft:crafting_table":9,"minecraft:poppy":1,"minecraft:chest":1,"minecraft:tall_grass":17,"minecraft:cobblestone":98,"minecraft:deepslate_gold_ore":10,"minecraft:lapis_ore":8,"minecraft:oak_planks":38,"minecraft:sugar_cane":26,"minecraft:diorite":6,"minecraft:wall_torch":1,"minecraft:wheat":28,"minecraft:spruce_log":28,"minecraft:stripped_oak_wood":1,"minecraft:yellow_bed":1,"minecraft:grass":160,"minecraft:oak_log":65,"minecraft:coal_ore":28,"minecraft:beetroots":1,"minecraft:gravel":2,"minecraft:dirt":557,"minecraft:sand":41,"minecraft:dripstone_block":1,"minecraft:stonecutter":1,"minecraft:oak_leaves":748,"minecraft:deepslate":111},"minecraft:crafted":{"minecraft:oak_door":3,"minecraft:oak_planks":220,"minecraft:oak_sign":3,"minecraft:cobblestone_slab":162,"minecraft:stone_shovel":1,"minecraft:furnace":4,"minecraft:bone_meal":72,"minecraft:diamond_shovel":1,"minecraft:oak_trapdoor":10,"minecraft:iron_bars":16,"minecraft:hopper":1,"minecraft:iron_boots":1,"minecraft:iron_axe":1,"minecraft:ladder":3,"minecraft:iron_hoe":3,"minecraft:stone_pickaxe":1,"minecraft:chest":9,"minecraft:wheat":360,"minecraft:cooked_beef":3,"minecraft:diamond_sword":1,"minecraft:cooked_porkchop":2,"minecraft:diamond_axe":1,"minecraft:crafting_table":4,"minecraft:spruce_planks":108,"minecraft:iron_helmet":1,"minecraft:wooden_pickaxe":1,"minecraft:iron_sword":1,"minecraft:bucket":1,"minecraft:stone_axe":1,"minecraft:bread":109,"minecraft:air":0,"minecraft:oak_boat":2,"minecraft:iron_chestplate":1,"minecraft:diamond_pickaxe":1,"minecraft:charcoal":15,"minecraft:shield":1,"minecraft:stick":52,"minecraft:iron_ingot":170,"minecraft:iron_pickaxe":1,"minecraft:iron_leggings":1,"minecraft:shears":7},"minecraft:killed":{"minecraft:witch":2,"minecraft:spider":1,"minecraft:skeleton":21,"minecraft:pig":7,"minecraft:iron_golem":10,"minecraft:creeper":2,"minecraft:sheep":1,"minecraft:zombie":40,"minecraft:villager":2,"minecraft:cow":5},"minecraft:dropped":{"minecraft:iron_ingot":65,"minecraft:bread":64,"minecraft:iron_sword":2,"minecraft:lapis_lazuli":5,"minecraft:wheat_seeds":12,"minecraft:cooked_beef":13,"minecraft:baked_potato":9,"minecraft:ender_pearl":1,"minecraft:diamond":13,"minecraft:poisonous_potato":1,"minecraft:iron_helmet":1,"minecraft:stick":2,"minecraft:oxeye_daisy":1,"minecraft:dirt":1,"minecraft:diorite":1,"minecraft:ink_sac":3,"minecraft:mutton":1,"minecraft:iron_leggings":1,"minecraft:sand":4,"minecraft:iron_axe":3,"minecraft:sugar":2,"minecraft:iron_pickaxe":3,"minecraft:iron_shovel":1,"minecraft:dandelion":7,"minecraft:oak_door":1,"minecraft:stone_axe":1,"minecraft:bowl":2,"minecraft:tuff":1,"minecraft:raw_iron":3,"minecraft:stone_shovel":2,"minecraft:beetroot":1,"minecraft:rotten_flesh":42,"minecraft:iron_boots":1,"minecraft:clay_ball":4,"minecraft:oak_planks":64,"minecraft:azure_bluet":1,"minecraft:poppy":2,"minecraft:leather_chestplate":1,"minecraft:potato":7,"minecraft:shield":1,"minecraft:gunpowder":2,"minecraft:iron_chestplate":1,"minecraft:beetroot_seeds":4,"minecraft:stone_pickaxe":1,"minecraft:wooden_pickaxe":2},"minecraft:used":{"minecraft:oak_trapdoor":10,"minecraft:stone_shovel":28,"minecraft:oak_sign":6,"minecraft:ladder":3,"minecraft:chest":9,"minecraft:shield":27,"minecraft:iron_sword":20,"minecraft:bell":2,"minecraft:oak_door":7,"minecraft:torch":6,"minecraft:dirt":553,"minecraft:hopper":1,"minecraft:carrot":39,"minecraft:tuff":8,"minecraft:axolotl_bucket":9,"minecraft:iron_hoe":606,"minecraft:lava_bucket":2,"minecraft:villager_spawn_egg":2,"minecraft:iron_axe":3,"minecraft:iron_helmet":1,"minecraft:furnace":9,"minecraft:potato":131,"minecraft:cooked_beef":3,"minecraft:cobbled_deepslate":87,"minecraft:wheat_seeds":52,"minecraft:water_bucket":241,"minecraft:diorite":3,"minecraft:stone_pickaxe":81,"minecraft:oak_planks":4,"minecraft:sugar_cane":33,"minecraft:wooden_pickaxe":3,"minecraft:diamond_axe":227,"minecraft:leather_chestplate":1,"minecraft:cobblestone_slab":155,"minecraft:oak_leaves":654,"minecraft:golden_apple":1,"minecraft:mossy_cobblestone":3,"minecraft:sand":21,"minecraft:crafting_table":11,"minecraft:white_bed":7,"minecraft:dripstone_block":1,"minecraft:shears":714,"minecraft:spruce_log":1,"minecraft:diamond_pickaxe":526,"minecraft:apple":3,"minecraft:diamond_shovel":1308,"minecraft:iron_pickaxe":69,"minecraft:suspicious_stew":1,"minecraft:bread":99,"minecraft:gravel":2,"minecraft:stone_axe":71,"minecraft:diamond_sword":303,"minecraft:cobblestone":82,"minecraft:cooked_porkchop":2,"minecraft:bucket":253,"minecraft:yellow_bed":1,"minecraft:oak_boat":4,"minecraft:bone_meal":72}},"DataVersion":3465}