{"stats":{"minecraft:picked_up":{"minecraft:crafting_table":9,"minecraft:wheat":37,"minecraft:azure_bluet":6,"minecraft:clay_ball":4,"minecraft:flower_pot":1,"minecraft:suspicious_stew":1,"minecraft:smithing_table":1,"minecraft:wooden_pickaxe":2,"minecraft:oak_stairs":51,"minecraft:brewing_stand":1,"minecraft:cornflower":2,"minecraft:oak_sign":3,"minecraft:beetroot":1,"minecraft:cobbled_deepslate":88,"minecraft:beef":39,"minecraft:oak_boat":4,"minecraft:cobblestone_slab":10,"minecraft:poppy":8,"minecraft:sugar_cane":78,"minecraft:chest":1,"minecraft:furnace":5,"minecraft:stick":25,"minecraft:raw_iron":218,"minecraft:oak_door":8,"minecraft:composter":2,"minecraft:oak_fence":3,"minecraft:torch":10,"minecraft:bowl":1,"minecraft:porkchop":21,"minecraft:diorite":6,"minecraft:carrot":233,"minecraft:arrow":27,"minecraft:rotten_flesh":44,"minecraft:stone_shovel":2,"minecraft:beetroot_seeds":4,"minecraft:hay_block":64,"minecraft:glow_berries":2,"minecraft:mutton":1,"minecraft:bone_block":65,"minecraft:cobblestone":254,"minecraft:oxeye_daisy":2,"minecraft:stripped_oak_log":16,"minecraft:leather_chestplate":3,"minecraft:basalt":1,"minecraft:leather":22,"minecraft:potato":226,"minecraft:flint":10,"minecraft:tuff":9,"minecraft:oak_log":87,"minecraft:yellow_bed":1,"minecraft:gunpowder":2,"minecraft:cobblestone_stairs":3,"minecraft:lapis_lazuli":72,"minecraft:dirt":1273,"minecraft:bone":27,"minecraft:apple":1,"minecraft:bow":2,"minecraft:stonecutter":1,"minecraft:wheat_seeds":144,"minecraft:raw_gold":9,"minecraft:bell":2,"minecraft:iron_ingot":35,"minecraft:stone_pickaxe":1,"minecraft:stripped_oak_wood":1,"minecraft:fletching_table":10,"minecraft:moss_block":1,"minecraft:oak_planks":34,"minecraft:soul_sand":8,"minecraft:dandelion":27,"minecraft:poisonous_potato":1,"minecraft:dripstone_block":1,"minecraft:gravel":49,"minecraft:sand":40,"minecraft:stripped_spruce_log":1,"minecraft:spruce_sapling":49,"minecraft:ink_sac":3,"minecraft:white_bed":7,"minecraft:spruce_log":413,"minecraft:mossy_cobblestone":6,"minecraft:sugar":2,"minecraft:diamond":52,"minecraft:stone_axe":1,"minecraft:grass":3,"minecraft:bread":57,"minecraft:oak_sapling":4,"minecraft:netherrack":84,"minecraft:coal":37,"minecraft:oak_leaves":672},"minecraft:dropped":{"minecraft:bread":64,"minecraft:cooked_beef":13,"minecraft:iron_ingot":65,"minecraft:stripped_spruce_log":1,"minecraft:iron_sword":2,"minecraft:wheat_seeds":12,"minecraft:lapis_lazuli":5,"minecraft:baked_potato":9,"minecraft:ender_pearl":1,"minecraft:diamond":13,"minecraft:poisonous_potato":1,"minecraft:iron_helmet":1,"minecraft:stick":2,"minecraft:oxeye_daisy":1,"minecraft:dirt":1,"minecraft:diorite":1,"minecraft:ink_sac":3,"minecraft:cornflower":1,"minecraft:mutton":1,"minecraft:iron_leggings":1,"minecraft:sand":4,"minecraft:iron_axe":3,"minecraft:sugar":2,"minecraft:iron_pickaxe":3,"minecraft:iron_shovel":1,"minecraft:dandelion":9,"minecraft:oak_door":1,"minecraft:stone_axe":1,"minecraft:tuff":1,"minecraft:bowl":2,"minecraft:stone_shovel":2,"minecraft:raw_iron":3,"minecraft:beetroot":1,"minecraft:rotten_flesh":42,"minecraft:clay_ball":4,"minecraft:oak_planks":64,"minecraft:iron_boots":1,"minecraft:azure_bluet":2,"minecraft:poppy":2,"minecraft:leather_chestplate":1,"minecraft:potato":7,"minecraft:shield":1,"minecraft:gunpowder":2,"minecraft:iron_chestplate":1,"minecraft:beetroot_seeds":4,"minecraft:wooden_pickaxe":2,"minecraft:beef":5,"minecraft:stone_pickaxe":1},"minecraft:killed_by":{"minecraft:player":1,"minecraft:skeleton":1},"minecraft:custom":{"minecraft:mob_kills":120,"minecraft:animals_bred":38,"minecraft:interact_with_crafting_table":60,"minecraft:bell_ring":33,"minecraft:leave_game":10,"minecraft:time_since_death":240945,"minecraft:climb_one_cm":6650,"minecraft:sprint_one_cm":1068929,"minecraft:walk_one_cm":488364,"minecraft:damage_blocked_by_shield":975,"minecraft:drop":110,"minecraft:talked_to_villager":32,"minecraft:play_time":256331,"minecraft:deaths":2,"minecraft:sneak_time":14894,"minecraft:walk_under_water_one_cm":19481,"minecraft:boat_one_cm":100600,"minecraft:jump":6573,"minecraft:walk_on_water_one_cm":48884,"minecraft:total_world_time":256331,"minecraft:interact_with_furnace":114,"minecraft:traded_with_villager":136,"minecraft:sleep_in_bed":1,"minecraft:time_since_rest":128197,"minecraft:damage_taken":4864,"minecraft:damage_absorbed":10,"minecraft:damage_dealt":30008,"minecraft:swim_one_cm":95830,"minecraft:fly_one_cm":1278154,"minecraft:open_chest":126,"minecraft:crouch_one_cm":48647,"minecraft:fall_one_cm":194562},"minecraft:broken":{"minecraft:shears":3,"minecraft:iron_hoe":2},"minecraft:used":{"minecraft:oak_trapdoor":10,"minecraft:stone_shovel":28,"minecraft:ladder":3,"minecraft:oak_sign":6,"minecraft:chest":11,"minecraft:shield":27,"minecraft:iron_sword":20,"minecraft:bell":2,"minecraft:netherrack":43,"minecraft:oak_door":7,"minecraft:torch":6,"minecraft:dirt":590,"minecraft:hopper":1,"minecraft:carrot":215,"minecraft:tuff":8,"minecraft:axolotl_bucket":9,"minecraft:iron_hoe":606,"minecraft:lava_bucket":2,"minecraft:villager_spawn_egg":2,"minecraft:iron_axe":3,"minecraft:iron_helmet":1,"minecraft:furnace":9,"minecraft:cooked_beef":3,"minecraft:potato":221,"minecraft:cobbled_deepslate":87,"minecraft:wheat_seeds":105,"minecraft:water_bucket":241,"minecraft:diorite":3,"minecraft:wooden_pickaxe":3,"minecraft:oak_planks":4,"minecraft:stone_pickaxe":81,"minecraft:sugar_cane":64,"minecraft:diamond_axe":672,"minecraft:fletching_table":14,"minecraft:leather_chestplate":1,"minecraft:cobblestone_slab":155,"minecraft:oak_leaves":654,"minecraft:golden_apple":1,"minecraft:mossy_cobblestone":3,"minecraft:sand":21,"minecraft:crafting_table":12,"minecraft:blast_furnace":1,"minecraft:dripstone_block":1,"minecraft:white_bed":7,"minecraft:shears":714,"minecraft:spruce_log":2,"minecraft:diamond_pickaxe":689,"minecraft:apple":3,"minecraft:diamond_shovel":1482,"minecraft:bread":117,"minecraft:iron_pickaxe":69,"minecraft:suspicious_stew":1,"minecraft:spruce_sapling":29,"minecraft:gravel":34,"minecraft:stone_axe":71,"minecraft:diamond_sword":333,"minecraft:cobblestone":82,"minecraft:cooked_porkchop":2,"minecraft:bucket":253,"minecraft:smooth_stone_slab":16,"minecraft:yellow_bed":1,"minecraft:oak_boat":4,"minecraft:bone_meal":333},"minecraft:killed":{"minecraft:witch":2,"minecraft:spider":2,"minecraft:phantom":1,"minecraft:skeleton":29,"minecraft:piglin":1,"minecraft:pig":7,"minecraft:iron_golem":10,"minecraft:hoglin":1,"minecraft:creeper":2,"minecraft:sheep":1,"minecraft:zombie":40,"minecraft:villager":2,"minecraft:cow":22},"minecraft:mined":{"minecraft:tuff":8,"minecraft:white_bed":7,"minecraft:mossy_cobblestone":8,"minecraft:deepslate_diamond_ore":52,"minecraft:oak_door":5,"minecraft:cobblestone_stairs":3,"minecraft:brewing_stand":1,"minecraft:grass_block":625,"minecraft:spruce_leaves":18,"minecraft:composter":2,"minecraft:moss_block":1,"minecraft:oak_wall_sign":3,"minecraft:oxeye_daisy":2,"minecraft:hay_block":64,"minecraft:oak_trapdoor":1,"minecraft:carrots":74,"minecraft:spruce_sapling":5,"minecraft:furnace":5,"minecraft:fire":2,"minecraft:iron_ore":92,"minecraft:cobbled_deepslate":2,"minecraft:stripped_spruce_log":1,"minecraft:deepslate_lapis_ore":4,"minecraft:fletching_table":10,"minecraft:azure_bluet":4,"minecraft:bell":1,"minecraft:dirt_path":96,"minecraft:potatoes":68,"minecraft:potted_dandelion":1,"minecraft:cobblestone_slab":12,"minecraft:deepslate_iron_ore":84,"minecraft:oak_stairs":52,"minecraft:stripped_oak_log":16,"minecraft:stone":125,"minecraft:bone_block":67,"minecraft:smithing_table":1,"minecraft:glass_pane":9,"minecraft:soul_sand":8,"minecraft:crimson_nylium":1,"minecraft:soul_fire":4,"minecraft:basalt":1,"minecraft:dandelion":19,"minecraft:oak_fence":3,"minecraft:clay":1,"minecraft:crafting_table":9,"minecraft:cornflower":2,"minecraft:poppy":2,"minecraft:chest":1,"minecraft:cobblestone":98,"minecraft:tall_grass":29,"minecraft:deepslate_gold_ore":10,"minecraft:lapis_ore":8,"minecraft:oak_planks":38,"minecraft:sugar_cane":54,"minecraft:diorite":6,"minecraft:wall_torch":1,"minecraft:wheat":50,"minecraft:spruce_log":414,"minecraft:stripped_oak_wood":1,"minecraft:yellow_bed":1,"minecraft:grass":252,"minecraft:coal_ore":28,"minecraft:oak_log":82,"minecraft:beetroots":1,"minecraft:sand":41,"minecraft:gravel":61,"minecraft:dripstone_block":1,"minecraft:dirt":597,"minecraft:stonecutter":1,"minecraft:netherrack":83,"minecraft:oak_leaves":748,"minecraft:deepslate":111},"minecraft:crafted":{"minecraft:oak_door":3,"minecraft:oak_planks":304,"minecraft:smooth_stone":29,"minecraft:stone_shovel":1,"minecraft:cobblestone_slab":162,"minecraft:oak_sign":3,"minecraft:smooth_stone_slab":48,"minecraft:furnace":5,"minecraft:blast_furnace":1,"minecraft:stone":33,"minecraft:bone_meal":393,"minecraft:diamond_shovel":1,"minecraft:oak_trapdoor":10,"minecraft:iron_bars":16,"minecraft:hopper":1,"minecraft:diamond_helmet":1,"minecraft:diamond_leggings":1,"minecraft:iron_boots":11,"minecraft:iron_axe":1,"minecraft:ladder":3,"minecraft:iron_hoe":3,"minecraft:stone_pickaxe":1,"minecraft:chest":11,"minecraft:diamond_boots":1,"minecraft:wheat":360,"minecraft:cooked_beef":3,"minecraft:diamond_sword":1,"minecraft:emerald":113,"minecraft:cooked_porkchop":2,"minecraft:diamond_axe":1,"minecraft:crafting_table":5,"minecraft:spruce_planks":1644,"minecraft:wooden_pickaxe":1,"minecraft:iron_helmet":1,"minecraft:iron_sword":1,"minecraft:chainmail_chestplate":9,"minecraft:fletching_table":5,"minecraft:bucket":1,"minecraft:stone_axe":1,"minecraft:bread":109,"minecraft:air":0,"minecraft:oak_boat":2,"minecraft:iron_chestplate":1,"minecraft:diamond_pickaxe":1,"minecraft:charcoal":15,"minecraft:shield":1,"minecraft:stick":3276,"minecraft:iron_ingot":170,"minecraft:iron_pickaxe":1,"minecraft:iron_leggings":1,"minecraft:shears":7,"minecraft:diamond_chestplate":1}},"DataVersion":3465}