{"stats":{"minecraft:dropped":{"minecraft:cobbled_deepslate":1,"minecraft:tuff":6,"minecraft:cobblestone":23,"minecraft:rotten_flesh":1,"minecraft:apple":1,"minecraft:diorite":5,"minecraft:diamond_pickaxe":1,"minecraft:andesite":16,"minecraft:oak_sapling":1,"minecraft:flowering_azalea":2,"minecraft:stone_pickaxe":1,"minecraft:bone":4},"minecraft:picked_up":{"minecraft:crafting_table":5,"minecraft:clay_ball":8,"minecraft:andesite":16,"minecraft:leather":6,"minecraft:tuff":12,"minecraft:oak_log":6,"minecraft:lapis_lazuli":22,"minecraft:dirt":5,"minecraft:string":4,"minecraft:moss_carpet":2,"minecraft:bone":7,"minecraft:apple":2,"minecraft:wheat_seeds":4,"minecraft:cobbled_deepslate":185,"minecraft:beef":12,"minecraft:stone_pickaxe":1,"minecraft:oak_boat":2,"minecraft:sugar_cane":35,"minecraft:moss_block":7,"minecraft:oak_planks":3,"minecraft:flowering_azalea":4,"minecraft:furnace":1,"minecraft:dark_oak_sapling":1,"minecraft:raw_iron":113,"minecraft:oak_fence":2,"minecraft:torch":3,"minecraft:gravel":1,"minecraft:porkchop":7,"minecraft:sand":2,"minecraft:diorite":8,"minecraft:rotten_flesh":1,"minecraft:diamond":90,"minecraft:tropical_fish":1,"minecraft:granite":12,"minecraft:oak_sapling":1,"minecraft:glow_berries":7,"minecraft:mutton":5,"minecraft:coal":24,"minecraft:rail":4,"minecraft:white_wool":4,"minecraft:cobblestone":93,"minecraft:diamond_pickaxe":1},"minecraft:custom":{"minecraft:interact_with_furnace":10,"minecraft:mob_kills":26,"minecraft:interact_with_crafting_table":17,"minecraft:leave_game":2,"minecraft:time_since_death":115929,"minecraft:climb_one_cm":371,"minecraft:time_since_rest":115929,"minecraft:sprint_one_cm":539984,"minecraft:damage_taken":987,"minecraft:walk_one_cm":233188,"minecraft:drop":16,"minecraft:damage_dealt":3924,"minecraft:swim_one_cm":8666,"minecraft:fly_one_cm":268346,"minecraft:open_chest":17,"minecraft:crouch_one_cm":566,"minecraft:play_time":115929,"minecraft:sneak_time":474,"minecraft:walk_under_water_one_cm":3289,"minecraft:boat_one_cm":185279,"minecraft:jump":1555,"minecraft:walk_on_water_one_cm":13177,"minecraft:total_world_time":115929,"minecraft:fall_one_cm":38494},"minecraft:broken":{"minecraft:stone_pickaxe":1},"minecraft:used":{"minecraft:stone_sword":20,"minecraft:stone_pickaxe":152,"minecraft:wooden_pickaxe":12,"minecraft:torch":30,"minecraft:sand":2,"minecraft:dirt":4,"minecraft:crafting_table":5,"minecraft:tuff":2,"minecraft:diamond_pickaxe":557,"minecraft:bread":33,"minecraft:iron_pickaxe":53,"minecraft:iron_helmet":1,"minecraft:iron_boots":1,"minecraft:diamond_sword":44,"minecraft:cobblestone":56,"minecraft:furnace":1,"minecraft:porkchop":2,"minecraft:oak_boat":2,"minecraft:diamond_leggings":1,"minecraft:iron_leggings":1,"minecraft:cobbled_deepslate":121},"minecraft:killed":{"minecraft:pig":3,"minecraft:spider":2,"minecraft:creeper":1,"minecraft:sheep":4,"minecraft:skeleton":5,"minecraft:zombie":4,"minecraft:enderman":1,"minecraft:cow":6},"minecraft:mined":{"minecraft:diamond_ore":1,"minecraft:tuff":9,"minecraft:flowering_azalea":1,"minecraft:mossy_cobblestone":1,"minecraft:deepslate_diamond_ore":89,"minecraft:cave_vines_plant":5,"minecraft:clay":2,"minecraft:crafting_table":5,"minecraft:torch":1,"minecraft:granite":12,"minecraft:grass_block":4,"minecraft:cobblestone":12,"minecraft:sugar_cane":17,"minecraft:moss_block":8,"minecraft:diorite":6,"minecraft:wall_torch":2,"minecraft:spawner":1,"minecraft:furnace":1,"minecraft:iron_ore":61,"minecraft:cobbled_deepslate":9,"minecraft:andesite":11,"minecraft:moss_carpet":1,"minecraft:deepslate_lapis_ore":5,"minecraft:grass":42,"minecraft:coal_ore":24,"minecraft:oak_log":6,"minecraft:cave_vines":4,"minecraft:deepslate_iron_ore":52,"minecraft:rail":3,"minecraft:dirt":1,"minecraft:gravel":5,"minecraft:sand":2,"minecraft:cobweb":4,"minecraft:stone":81,"minecraft:oak_leaves":1,"minecraft:deepslate":391},"minecraft:crafted":{"minecraft:oak_planks":24,"minecraft:diamond_sword":1,"minecraft:crafting_table":1,"minecraft:iron_helmet":1,"minecraft:wooden_pickaxe":1,"minecraft:furnace":1,"minecraft:oak_boat":1,"minecraft:diamond_helmet":1,"minecraft:diamond_leggings":1,"minecraft:iron_chestplate":1,"minecraft:iron_boots":1,"minecraft:diamond_pickaxe":1,"minecraft:stick":12,"minecraft:iron_ingot":22,"minecraft:stone_pickaxe":2,"minecraft:stone_sword":1,"minecraft:diamond_boots":1,"minecraft:iron_leggings":1,"minecraft:diamond_chestplate":1}},"DataVersion":3465}